id,name,model_id:id,group_id:id,perm_read,perm_write,perm_create,perm_unlink
access_product_template_parc,access.product.template.parc,model_product_template,,1,1,1,1
access_purchase_order_parc,access.purchase.order.parc,model_purchase_order,,1,1,1,1
access_parc_client_site,access_parc_client_site,model_parc_client_site,,1,1,1,1
access_parc_pack,access.parc.pack,model_parc_pack,,1,1,1,1
access_parc_materiel,access.parc.materiel,model_parc_materiel,,1,1,1,1
access_parc_logiciel,access.parc.logiciel,model_parc_logiciel,,1,1,1,1
access_parc_licence,access.parc.licence,model_parc_licence,,1,1,1,1
access_parc_affectation,access.parc.affectation,model_parc_affectation,,1,1,1,1
